jersey,name,pos,height,weight,age,team,yos,predraft_team,draft_status,nationality
15,Precious Achiuwa,SF,81,210,21,Miami Heat,0,Memphis,2020 Rnd 1 Pick 20,Nigeria
12,Steven Adams,C,84,265,27,New Orleans Pelicans,7,Pittsburgh,2013 Rnd 1 Pick 12,New Zealand
13,Bam Adebayo,C,73,255,23,Miami Heat,3,Kentucky,2017 Rnd 1 Pick 14,United States
0,Ty-Shon Alexander,SG,76,195,23,Phoenix Suns,0,Creighton,"2020 NBA Draft, Undrafted ",United States
6,Nickeil Alexander-Walker,SG,77,205,22,New Orleans Pelicans,1,Virginia Tech,2019 Rnd 1 Pick 17,Canada
3,Grayson Allen,SG,76,198,25,Memphis Grizzlies,2,Duke,2018 Rnd 1 Pick 21,United States
31,Jarrett Allen,C,73,243,23,Cleveland Cavaliers,3,Texas,2017 Rnd 1 Pick 22,United States
5,Al-Farouq Aminu,F,81,220,30,Chicago Bulls,10,Wake Forest,2010 Rnd 1 Pick 8,United States Nigeria
1,Kyle Anderson,PF,80,230,27,Memphis Grizzlies,6,UCLA,2014 Rnd 1 Pick 30,United States
34,Giannis Antetokounmpo,F,73,242,26,Milwaukee Bucks,7,Filathlitikos Div II Greece (Greece),2013 Rnd 1 Pick 15,Greece Nigeria
37,Kostas Antetokounmpo,PF,73,200,23,Los Angeles Lakers,2,Dayton,2018 Rnd 2 Pick 30,Greece United States
43,Thanasis Antetokounmpo,SF,79,215,28,Milwaukee Bucks,2,Delaware 87ers,2014 Rnd 2 Pick 21,Greece Nigeria
0,Carmelo Anthony,F,80,240,36,Portland Trail Blazers,17,Syracuse,2003 Rnd 1 Pick 3,United States
50,Cole Anthony,PG,75,190,20,Orlando Magic,0,North Carolina,2020 Rnd 1 Pick 15,United States
3,Ogugua Anunoby,SF,80,232,23,Toronto Raptors,3,Indiana,2017 Rnd 1 Pick 23,England United States
51,Ryan Arcidiacono,G,75,195,27,Chicago Bulls,3,Villanova,"2016 NBA Draft, Undrafted ",United States
0,Trevor Ariza,SF,80,215,35,Miami Heat,16,UCLA,2004 Rnd 2 Pick 14,United States
14,D.J. Augustin,G,72,183,33,Houston Rockets,12,Texas,2008 Rnd 1 Pick 9,United States
9,Deni Avdija,SG,81,210,20,Washington Wizards,0,Maccabi Tel Aviv U18 (Israel),2020 Rnd 1 Pick 9,Israel
22,Deandre Ayton,C,85,250,22,Phoenix Suns,2,Arizona,2018 Rnd 1 Pick 1,Bahamas
20,Udoka Azubuike,C,84,270,21,Utah Jazz,0,Kansas,2020 Rnd 1 Pick 27,Nigeria
8,Dwayne Bacon,SF,78,221,25,Orlando Magic,3,Florida State,2017 Rnd 2 Pick 10,United States
35,Marvin Bagley III,PF,73,240,22,Sacramento Kings,2,Duke,2018 Rnd 1 Pick 2,United States
2,LaMelo Ball,G,79,181,19,Charlotte Hornets,0,Illawarra (Australia),2020 Rnd 1 Pick 3,United States
2,Lonzo Ball,PG,78,190,23,New Orleans Pelicans,3,UCLA,2017 Rnd 1 Pick 2,United States
5,Mohamed Bamba,C,84,250,22,Orlando Magic,2,Texas,2018 Rnd 1 Pick 6,United States
22,Desmond Bane,SG,78,215,22,Memphis Grizzlies,0,Texas Christian,2020 Rnd 1 Pick 30,United States
40,Harrison Barnes,SF,80,225,28,Sacramento Kings,8,North Carolina,2012 Rnd 1 Pick 7,United States
9,R.J. Barrett,SG,79,202,20,New York Knicks,1,Duke,2019 Rnd 1 Pick 3,Canada
5,Will Barton,GF,77,181,30,Denver Nuggets,8,Memphis,2012 Rnd 2 Pick 10,United States
31,Keita Bates-Diop,SF,80,230,25,San Antonio Spurs,2,Ohio State,2018 Rnd 2 Pick 18,United States
33,Nicolas Batum,F,80,200,32,Los Angeles Clippers,12,Le Mans Sarthe Basket (France),2008 Rnd 1 Pick 25,France
46,Aron Baynes,C,73,260,34,Toronto Raptors,8,Washington State,"2009 NBA Draft, Undrafted ",New Zealand Australia
26,Kent Bazemore,GF,76,195,31,Golden State Warriors,8,Old Dominion,"2012 NBA Draft, Undrafted ",United States
7,Darius Bazley,PF,80,208,20,Oklahoma City Thunder,1,,2019 Rnd 1 Pick 23,United States
3,Bradley Beal,SG,75,207,27,Washington Wizards,8,Florida,2012 Rnd 1 Pick 3,United States
5,Malik Beasley,SG,76,187,24,Minnesota Timberwolves,4,Florida State,2016 Rnd 1 Pick 19,United States
95,DeAndre' Bembry,GF,77,210,26,Toronto Raptors,4,Saint Joseph's,2016 Rnd 1 Pick 21,United States
42,Davis Bertans,SF,73,225,28,Washington Wizards,4,Union Olimpija (Slovenia),2011 Rnd 2 Pick 12,Latvia
21,Patrick Beverley,PG,73,185,32,Los Angeles Clippers,8,Dnipro Dnipropetrovsk (Ukraine),2009 Rnd 2 Pick 12,United States
41,Saddiq Bey,F,80,215,22,Detroit Pistons,0,Villanova,2020 Rnd 1 Pick 19,United States
2,Tyler Bey,PF,79,216,23,Dallas Mavericks,0,Colorado,2020 Rnd 2 Pick 6,United States
24,Khem Birch,PF,81,230,28,Toronto Raptors,3,UNLV,"2014 NBA Draft, Undrafted ",Canada
88,Goga Bitadze,C,73,245,21,Indiana Pacers,1,KK Mega Bemax (Serbia),2019 Rnd 1 Pick 18,Georgia
8,Bismack Biyombo,PF,81,255,28,Charlotte Hornets,9,Urbas Fuenlabrada (Spain),2011 Rnd 1 Pick 7,Democratic Republic of the Congo
70,Nemanja Bjelica,PF,73,235,32,Miami Heat,5,KK Crvena Zvezda (Serbia),2010 Rnd 2 Pick 5,Serbia
5,Eric Bledsoe,PG,73,205,31,New Orleans Pelicans,10,Kentucky,2010 Rnd 1 Pick 18,United States
11,Keljin Blevins,G,78,200,25,Portland Trail Blazers,0,Montana State,"2019 NBA Draft, Undrafted ",United States
13,Bogdan Bogdanovic,SG,78,220,28,Atlanta Hawks,3,KK Partizan (Serbia),2014 Rnd 1 Pick 27,Serbia
44,Bojan Bogdanovic,F,80,216,32,Utah Jazz,6,KK Cibona (Croatia),2011 Rnd 2 Pick 1,Bosnia and Herzegovina Croatia
10,Bol Bol,C,86,209,21,Denver Nuggets,1,Oregon,2019 Rnd 2 Pick 14,United States
17,Isaac Bonga,SG,80,180,21,Washington Wizards,2,Fraport Skyliners (Germany),2018 Rnd 2 Pick 9,Germany
1,Devin Booker,SG,78,206,24,Phoenix Suns,5,Kentucky,2015 Rnd 1 Pick 13,United States
25,Chris Boucher,PF,73,200,28,Toronto Raptors,3,Oregon,"2017 NBA Draft, Undrafted ",Saint Lucia Canada
11,Avery Bradley,PG,74,180,30,Houston Rockets,10,Texas,2010 Rnd 1 Pick 19,United States
13,Tony Bradley,C,73,248,23,Oklahoma City Thunder,3,North Carolina,2017 Rnd 1 Pick 28,United States
5,Jarrell Brantley,SF,79,250,25,Utah Jazz,1,Charleston,2019 Rnd 2 Pick 20,United States
25,Mikal Bridges,SG,79,210,24,Phoenix Suns,2,Villanova,2018 Rnd 1 Pick 10,United States
0,Miles Bridges,SF,79,225,23,Charlotte Hornets,2,Michigan State,2018 Rnd 1 Pick 12,United States
37,Amida Brimah,C,73,230,27,Indiana Pacers,0,Connecticut,"2017 NBA Draft, Undrafted ",Ghana
12,OShae Brissett,PF,79,210,22,Indiana Pacers,1,Syracuse,"2019 NBA Draft, Undrafted ",Canada
7,Malcolm Brogdon,SG,77,229,28,Indiana Pacers,4,Virginia,2016 Rnd 2 Pick 6,United States
7,Armoni Brooks,SG,75,195,22,Houston Rockets,0,Houston,"2019 NBA Draft, Undrafted ",United States
24,Dillon Brooks,F,78,220,25,Memphis Grizzlies,3,Oregon,2017 Rnd 2 Pick 15,Canada
7,Jaylen Brown,SF,78,223,24,Boston Celtics,4,California,2016 Rnd 1 Pick 3,United States
1,"Bruce Brown, Jr. ",SG,76,202,24,Brooklyn Nets,2,Miami (FL),2018 Rnd 2 Pick 12,United States
7,"Troy Brown, Jr. ",SF,78,215,21,Chicago Bulls,2,Oregon,2018 Rnd 1 Pick 15,United States
4,Moses Brown,C,85,245,21,Oklahoma City Thunder,1,UCLA,"2019 NBA Draft, Undrafted ",United States
23,Sterling Brown,G,78,232,26,Houston Rockets,3,Southern Methodist,2017 Rnd 2 Pick 16,United States
13,Jalen Brunson,PG,73,190,24,Dallas Mavericks,2,Villanova,2018 Rnd 2 Pick 3,United States
13,Thomas Bryant,C,73,248,23,Washington Wizards,3,Indiana,2017 Rnd 2 Pick 12,United States
25,Reggie Bullock,SG,79,205,30,New York Knicks,7,North Carolina,2013 Rnd 1 Pick 25,United States
3,Trey Burke,G,72,185,28,Dallas Mavericks,7,Michigan,2013 Rnd 1 Pick 9,United States
18,Alec Burks,SG,78,214,29,New York Knicks,9,Colorado,2011 Rnd 1 Pick 12,United States
22,Jimmy Butler,GF,80,232,31,Miami Heat,9,Marquette,2011 Rnd 1 Pick 30,United States
12,Devontae Cacok,PF,79,240,24,Los Angeles Lakers,1,UNC Wilmington,"2019 NBA Draft, Undrafted ",United States
1,Kentavious Caldwell-Pope,SG,77,205,28,Los Angeles Lakers,7,Georgia,2013 Rnd 1 Pick 8,United States
7,Facundo Campazzo,PG,61,165,30,Denver Nuggets,0,Penarol (Argentina),"2013 NBA Draft, Undrafted ",Argentina
31,Vlatko Cancar,SF,80,236,24,Denver Nuggets,1,KK Mega Bemax (Serbia),2017 Rnd 2 Pick 19,Slovenia
15,Clint Capela,PF,73,240,26,Atlanta Hawks,6,Chalon-Sur-Saone (France),2014 Rnd 1 Pick 25,Switzerland
22,"Vernon Carey, Jr. ",PF,73,270,20,Charlotte Hornets,0,Duke,2020 Rnd 2 Pick 2,United States
4,Jevon Carter,PG,74,200,25,Phoenix Suns,2,West Virginia,2018 Rnd 2 Pick 2,United States
34,"Wendell Carter, Jr. ",PF,73,270,22,Orlando Magic,2,Duke,2018 Rnd 1 Pick 7,United States
7,Michael Carter-Williams,PG,78,195,29,Orlando Magic,7,Syracuse,2013 Rnd 1 Pick 11,United States
4,Alex Caruso,G,77,186,27,Los Angeles Lakers,3,Texas A&M,"2016 NBA Draft, Undrafted ",United States
33,Willie Cauley-Stein,C,84,240,27,Dallas Mavericks,5,Kentucky,2015 Rnd 1 Pick 6,United States
4,Chris Chiozza,PG,61,176,25,Brooklyn Nets,2,Florida,"2018 NBA Draft, Undrafted ",United States
15,Brandon Clarke,PF,80,210,24,Memphis Grizzlies,1,Gonzaga,2019 Rnd 1 Pick 21,Canada
0,Jordan Clarkson,G,77,192,28,Utah Jazz,6,Missouri,2014 Rnd 2 Pick 16,United States
33,Nicolas Claxton,C,73,215,22,Brooklyn Nets,1,Georgia,2019 Rnd 2 Pick 1,United States U.S. Virgin Islands
7,Amir Coffey,SF,80,205,24,Los Angeles Clippers,1,Minnesota,"2019 NBA Draft, Undrafted ",United States
20,John Collins,PF,81,235,23,Atlanta Hawks,3,Wake Forest,2017 Rnd 1 Pick 19,United States
33,Zach Collins,C,84,235,23,Portland Trail Blazers,3,Gonzaga,2017 Rnd 1 Pick 10,United States
10,Mike Conley,PG,73,175,33,Utah Jazz,13,Ohio State,2007 Rnd 1 Pick 4,United States
24,Pat Connaughton,SF,76,209,28,Milwaukee Bucks,5,Notre Dame,2015 Rnd 2 Pick 11,United States
25,Tyler Cook,C,80,255,23,Detroit Pistons,1,Iowa,"2019 NBA Draft, Undrafted ",United States
15,DeMarcus Cousins,C,73,270,30,Los Angeles Clippers,10,Kentucky,2010 Rnd 1 Pick 5,United States
23,Robert Covington,F,81,225,30,Portland Trail Blazers,7,Tennessee State,"2013 NBA Draft, Undrafted ",United States
12,Torrey Craig,GF,79,215,30,Phoenix Suns,3,USC Upstate,"2014 NBA Draft, Undrafted ",United States
99,Jae Crowder,SF,78,235,30,Phoenix Suns,8,Marquette,2012 Rnd 2 Pick 4,United States
23,Jarrett Culver,SG,78,195,22,Minnesota Timberwolves,1,Texas Tech,2019 Rnd 1 Pick 6,United States
31,Seth Curry,G,74,185,30,Philadelphia Sixers,7,Duke,"2013 NBA Draft, Undrafted ",United States
30,Stephen Curry,G,75,190,33,Golden State Warriors,11,Davidson,2009 Rnd 1 Pick 7,United States
30,Nate Darling,SG,77,200,22,Charlotte Hornets,0,Delaware,"2020 NBA Draft, Undrafted ",Canada
3,Anthony Davis,PF,73,253,28,Los Angeles Lakers,8,Kentucky,2012 Rnd 1 Pick 1,United States
17,Ed Davis,PF,81,218,31,Minnesota Timberwolves,10,North Carolina,2010 Rnd 1 Pick 13,United States
9,Terence Davis,SF,76,205,23,Sacramento Kings,1,Ole Miss,"2019 NBA Draft, Undrafted ",United States
10,DeMar DeRozan,GF,79,220,31,San Antonio Spurs,11,USC,2009 Rnd 1 Pick 9,United States
6,Gabriel Deck,F,78,210,26,Oklahoma City Thunder,0,Quimsa (Argentina),"2017 NBA Draft, Undrafted ",Argentina
21,Dewayne Dedmon,PF,84,245,31,Miami Heat,7,USC,"2013 NBA Draft, Undrafted ",United States
18,Matt Dellavedova,G,75,204,30,Cleveland Cavaliers,7,Saint Mary's,"2013 NBA Draft, Undrafted ",Australia
0,Donte DiVincenzo,SG,76,203,24,Milwaukee Bucks,2,Villanova,2018 Rnd 1 Pick 17,United States
25,Mamadi Diakite,PF,81,228,24,Milwaukee Bucks,0,Virginia,"2020 NBA Draft, Undrafted ",Guinea
6,Hamidou Diallo,SG,77,202,22,Detroit Pistons,2,Kentucky,2018 Rnd 2 Pick 15,United States Guinea
7,Gorgui Dieng,FC,73,252,31,San Antonio Spurs,7,Louisville,2013 Rnd 1 Pick 21,Senegal
26,Spencer Dinwiddie,PG,77,215,28,Brooklyn Nets,6,Colorado,2014 Rnd 2 Pick 8,United States
77,Luka Doncic,SF,79,230,22,Dallas Mavericks,2,Real Madrid (Spain),2018 Rnd 1 Pick 3,Slovenia
5,Luguentz Dort,PG,76,215,22,Oklahoma City Thunder,1,Arizona State,"2019 NBA Draft, Undrafted ",Canada
21,Damyean Dotson,SG,77,205,26,Cleveland Cavaliers,3,Houston,2017 Rnd 2 Pick 14,United States
3,Devon Dotson,PG,74,185,22,Chicago Bulls,0,Kansas,"2020 NBA Draft, Undrafted ",United States
45,Sekou Doumbouya,F,81,230,20,Detroit Pistons,1,CSP Limoges (France),2019 Rnd 1 Pick 15,France Guinea
35,P.J. Dozier,PG,78,205,24,Denver Nuggets,3,South Carolina,"2017 NBA Draft, Undrafted ",United States
7,Goran Dragic,G,75,190,34,Miami Heat,12,Union Olimpija (Slovenia),2008 Rnd 2 Pick 15,Slovenia
2,Andre Drummond,C,73,279,27,Los Angeles Lakers,8,Connecticut,2012 Rnd 1 Pick 9,United States
10,Jared Dudley,PF,79,237,35,Los Angeles Lakers,13,Boston College,2007 Rnd 1 Pick 22,United States
32,Kris Dunn,SG,75,205,27,Atlanta Hawks,4,Providence,2016 Rnd 1 Pick 5,United States
7,Kevin Durant,SF,73,240,32,Brooklyn Nets,13,Texas,2007 Rnd 1 Pick 2,United States
1,Anthony Edwards,SF,77,225,19,Minnesota Timberwolves,0,Georgia,2020 Rnd 1 Pick 1,United States
4,Carsen Edwards,PG,61,200,23,Boston Celtics,1,Purdue,2019 Rnd 2 Pick 3,United States
16,C.J. Elleby,SF,78,185,20,Portland Trail Blazers,0,Washington State,2020 Rnd 2 Pick 16,United States
8,Wayne Ellington,SG,76,207,33,Detroit Pistons,11,North Carolina,2009 Rnd 1 Pick 28,United States
21,Joel Embiid,C,84,250,27,Philadelphia Sixers,6,Kansas,2014 Rnd 1 Pick 3,Cameroon
11,James Ennis,GF,78,215,30,Orlando Magic,6,Long Beach State,2013 Rnd 2 Pick 20,United States
14,Drew Eubanks,C,73,245,24,San Antonio Spurs,2,Oregon State,"2018 NBA Draft, Undrafted ",United States
1,Dante Exum,PG,77,214,25,Houston Rockets,6,Australian Institute of Sport (Australian Capital Territory),2014 Rnd 1 Pick 5,Australia
99,Tacko Fall,C,89,311,25,Boston Celtics,1,UCF,"2019 NBA Draft, Undrafted ",Senegal
15,Derrick Favors,FC,73,265,29,Utah Jazz,10,Georgia Tech,2010 Rnd 1 Pick 3,United States
6,Cristiano Felicio,C,73,275,28,Chicago Bulls,5,Minas (Brazil),"2014 NBA Draft, Undrafted ",Brazil
24,Bruno Fernando,C,81,240,22,Atlanta Hawks,1,Maryland,2019 Rnd 2 Pick 4,Angola
3,Yogi Ferrell,G,72,180,27,Los Angeles Clippers,4,Indiana,"2016 NBA Draft, Undrafted ",United States
10,Dorian Finney-Smith,SF,79,220,28,Dallas Mavericks,4,Florida,"2016 NBA Draft, Undrafted ",United States
8,Malachi Flynn,PG,73,185,22,Toronto Raptors,0,San Diego State,2020 Rnd 1 Pick 29,United States
7,Bryn Forbes,G,75,195,27,Milwaukee Bucks,4,Michigan State,"2016 NBA Draft, Undrafted ",United States
3,Trent Forrest,SG,76,210,23,Utah Jazz,0,Florida State,"2020 NBA Draft, Undrafted ",United States
94,Evan Fournier,SG,79,205,28,Boston Celtics,8,Poitiers Basket 86 (France),2012 Rnd 1 Pick 20,France
5,De'Aaron Fox,PG,75,185,23,Sacramento Kings,3,Kentucky,2017 Rnd 1 Pick 5,United States
10,Tim Frazier,G,73,170,30,Memphis Grizzlies,6,Penn State,"2014 NBA Draft, Undrafted ",United States
20,Markelle Fultz,PG,76,209,22,Orlando Magic,3,Washington,2017 Rnd 1 Pick 1,United States
32,Wenyen Gabriel,PF,81,205,24,New Orleans Pelicans,2,Kentucky,"2018 NBA Draft, Undrafted ",South Sudan
21,Daniel Gafford,C,73,233,22,Washington Wizards,1,Arkansas,2019 Rnd 2 Pick 8,United States
8,Danilo Gallinari,SF,73,233,32,Atlanta Hawks,12,AX Armani Exchange Milan (Italy),2008 Rnd 1 Pick 6,Italy
2,Langston Galloway,G,74,200,29,Phoenix Suns,6,Saint Joseph's,"2014 NBA Draft, Undrafted ",United States
10,Darius Garland,G,73,192,21,Cleveland Cavaliers,1,Vanderbilt,2019 Rnd 1 Pick 5,United States
14,Marc Gasol,C,85,255,36,Los Angeles Lakers,12,CB Girona (Spain),2007 Rnd 2 Pick 18,Spain
22,Rudy Gay,SF,80,240,34,San Antonio Spurs,14,Connecticut,2006 Rnd 1 Pick 8,United States
13,Paul George,GF,81,220,31,Los Angeles Clippers,10,Fresno State,2010 Rnd 1 Pick 10,United States
67,Taj Gibson,F,81,232,35,New York Knicks,11,USC,2009 Rnd 1 Pick 26,United States
10,Harry Giles,PF,73,240,23,Portland Trail Blazers,3,Duke,2017 Rnd 1 Pick 20,United States
2,Shai Gilgeous-Alexander,PG,78,181,22,Oklahoma City Thunder,2,Kentucky,2018 Rnd 1 Pick 11,Canada
16,Anthony Gill,PF,80,230,28,Washington Wizards,0,Virginia,"2016 NBA Draft, Undrafted ",United States
55,Freddie Gillespie,F,81,245,23,Toronto Raptors,0,Baylor,"2020 NBA Draft, Undrafted ",United States
27,Rudy Gobert,C,85,245,28,Utah Jazz,7,Cholet Basket (France),2013 Rnd 1 Pick 27,France
0,Brandon Goodwin,PG,72,180,25,Atlanta Hawks,2,Florida Gulf Coast,"2018 NBA Draft, Undrafted ",United States
50,Aaron Gordon,F,81,235,25,Denver Nuggets,6,Arizona,2014 Rnd 1 Pick 4,United States
10,Eric Gordon,G,76,215,32,Houston Rockets,12,Indiana,2008 Rnd 1 Pick 7,United States
4,Devonte' Graham,PG,74,185,26,Charlotte Hornets,2,Kansas,2018 Rnd 2 Pick 4,United States
9,Jerami Grant,F,80,210,27,Detroit Pistons,6,Syracuse,2014 Rnd 2 Pick 9,United States
14,Danny Green,SF,78,215,33,Philadelphia Sixers,11,North Carolina,2009 Rnd 2 Pick 16,United States
23,Draymond Green,F,78,230,31,Golden State Warriors,8,Michigan State,2012 Rnd 2 Pick 5,United States
0,JaMychal Green,PF,80,227,30,Denver Nuggets,6,Alabama,"2012 NBA Draft, Undrafted ",United States
11,Javonte Green,G,76,205,27,Chicago Bulls,1,Radford,"2015 NBA Draft, Undrafted ",United States Montenegro
8,Jeff Green,F,80,235,34,Brooklyn Nets,12,Georgetown,2007 Rnd 1 Pick 5,United States
8,Josh Green,SG,78,210,20,Dallas Mavericks,0,Arizona,2020 Rnd 1 Pick 18,United States Australia
2,Blake Griffin,PF,73,250,32,Brooklyn Nets,11,Oklahoma,2009 Rnd 1 Pick 1,United States
7,Kyle Guy,SG,73,170,23,Sacramento Kings,1,Virginia,2019 Rnd 2 Pick 25,United States
8,Rui Hachimura,F,80,230,23,Washington Wizards,1,Gonzaga,2019 Rnd 1 Pick 9,Japan
0,Tyrese Haliburton,PG,77,172,21,Sacramento Kings,0,Iowa State,2020 Rnd 1 Pick 12,United States
15,Josh Hall,F,81,190,20,Oklahoma City Thunder,0,Moravian Prep (North Carolina),"2020 NBA Draft, Undrafted ",United States
13,R.J. Hampton,G,78,176,20,Orlando Magic,0,New Zealand (New Zealand),2020 Rnd 1 Pick 24,United States
11,Tim Hardaway Jr.,SG,77,205,29,Dallas Mavericks,7,Michigan,2013 Rnd 1 Pick 24,United States
13,James Harden,SG,77,220,31,Brooklyn Nets,11,Arizona State,2009 Rnd 1 Pick 3,United States
8,Maurice Harkless,F,81,220,27,Sacramento Kings,8,St. John's,2012 Rnd 1 Pick 15,United States Puerto Rico
12,Jared Harper,PG,61,175,23,New York Knicks,1,Auburn,"2019 NBA Draft, Undrafted ",United States
15,Montrezl Harrell,F,80,240,27,Los Angeles Lakers,5,Louisville,2015 Rnd 2 Pick 2,United States
14,Gary Harris,SG,76,205,26,Orlando Magic,6,Michigan State,2014 Rnd 1 Pick 19,United States
2,Jalen Harris,SG,77,195,22,Toronto Raptors,0,Nevada,2020 Rnd 2 Pick 29,United States
12,Joe Harris,SG,78,220,29,Brooklyn Nets,6,Virginia,2014 Rnd 2 Pick 3,United States
33,Tobias Harris,F,81,235,28,Philadelphia Sixers,9,Tennessee,2011 Rnd 1 Pick 19,United States
8,Shaquille Harrison,G,76,190,27,Denver Nuggets,3,Tulsa,"2016 NBA Draft, Undrafted ",United States
3,Josh Hart,SG,77,215,26,New Orleans Pelicans,3,Villanova,2017 Rnd 1 Pick 30,United States
25,Isaiah Hartenstein,PF,84,249,23,Cleveland Cavaliers,2,Zalgiris (Lithuania),2017 Rnd 2 Pick 13,United States Germany
40,Udonis Haslem,FC,80,235,40,Miami Heat,17,Florida,"2002 NBA Draft, Undrafted ",United States
10,Jaxson Hayes,PF,73,220,20,New Orleans Pelicans,1,Texas,2019 Rnd 1 Pick 8,United States
7,Killian Hayes,G,77,216,19,Detroit Pistons,0,Ratiopharm Ulm (Germany),2020 Rnd 1 Pick 7,France United States
20,Gordon Hayward,GF,79,225,31,Charlotte Hornets,10,Butler,2010 Rnd 1 Pick 9,United States
41,Juancho Hernangomez,F,81,214,25,Minnesota Timberwolves,4,Movistar Estudiantes (Spain),2016 Rnd 1 Pick 15,Spain
9,Willy Hernangomez,C,73,250,26,New Orleans Pelicans,4,Cajasol Seville U18 (Spain),2015 Rnd 2 Pick 5,Spain
14,Tyler Herro,SG,78,195,21,Miami Heat,1,Kentucky,2019 Rnd 1 Pick 13,United States
24,Buddy Hield,G,76,220,28,Sacramento Kings,4,Oklahoma,2016 Rnd 1 Pick 6,Bahamas
33,George Hill,G,75,188,35,Philadelphia Sixers,12,IUPUI,2008 Rnd 1 Pick 26,United States
18,Solomon Hill,SF,78,226,30,Atlanta Hawks,7,Arizona,2013 Rnd 1 Pick 23,United States
14,Nate Hinton,SF,77,210,22,Dallas Mavericks,0,Houston,"2020 NBA Draft, Undrafted ",United States
8,Jaylen Hoard,PF,81,210,22,Oklahoma City Thunder,1,Wake Forest,"2019 NBA Draft, Undrafted ",France
3,Aaron Holiday,PG,73,185,24,Indiana Pacers,2,UCLA,2018 Rnd 1 Pick 23,United States
21,Jrue Holiday,G,76,205,30,Milwaukee Bucks,11,UCLA,2009 Rnd 1 Pick 17,United States
8,Justin Holiday,SF,78,181,32,Indiana Pacers,7,Washington,"2011 NBA Draft, Undrafted ",United States
2,Rondae Hollis-Jefferson,SF,78,217,26,Portland Trail Blazers,5,Arizona,2015 Rnd 1 Pick 23,United States
22,Richaun Holmes,F,73,240,27,Sacramento Kings,5,Bowling Green,2015 Rnd 2 Pick 7,United States
32,Rodney Hood,F,80,205,28,Toronto Raptors,6,Duke,2014 Rnd 1 Pick 23,United States
42,Al Horford,FC,73,245,34,Oklahoma City Thunder,13,Florida,2007 Rnd 1 Pick 3,Dominican Republic United States
5,Talen Horton-Tucker,SF,76,233,20,Los Angeles Lakers,1,Iowa State,2019 Rnd 2 Pick 16,United States
4,Danuel House,F,79,215,27,Houston Rockets,4,Texas A&M,"2016 NBA Draft, Undrafted ",United States
39,Dwight Howard,C,73,265,35,Philadelphia Sixers,16,Southwest Atlanta Christian Academy (Georgia),2004 Rnd 1 Pick 1,United States
0,Markus Howard,SG,61,180,22,Denver Nuggets,0,Marquette,"2020 NBA Draft, Undrafted ",United States
3,Kevin Huerter,SF,79,190,22,Atlanta Hawks,2,Maryland,2018 Rnd 1 Pick 19,United States
33,Elijah Hughes,SF,78,215,23,Utah Jazz,0,Syracuse,2020 Rnd 2 Pick 9,United States
12,De'Andre Hunter,PF,79,225,23,Atlanta Hawks,1,Virginia,2019 Rnd 1 Pick 4,United States
1,Chandler Hutchison,SG,79,210,25,Washington Wizards,2,Boise State,2018 Rnd 1 Pick 22,United States
9,Serge Ibaka,C,73,235,31,Los Angeles Clippers,11,CB L'Hospitalet (Spain),2008 Rnd 1 Pick 24,Republic of the Congo Spain
28,Andre Iguodala,SF,78,215,37,Miami Heat,16,Arizona,2004 Rnd 1 Pick 9,United States
77,Ersan Ilyasova,F,73,235,33,Utah Jazz,13,Alpella B.K. (Turkey),2005 Rnd 2 Pick 6,Turkey
2,Joe Ingles,F,80,226,33,Utah Jazz,6,Melbourne South (Australia),"2009 NBA Draft, Undrafted ",Australia
14,Brandon Ingram,SF,81,190,23,New Orleans Pelicans,4,Duke,2016 Rnd 1 Pick 2,United States
11,Kyrie Irving,G,74,195,29,Brooklyn Nets,9,Duke,2011 Rnd 1 Pick 1,United States Australia
1,Jonathan Isaac,SF,73,230,23,Orlando Magic,3,Florida State,2017 Rnd 1 Pick 6,United States
25,Wesley Iwundu,F,79,195,26,New Orleans Pelicans,3,Kansas State,2017 Rnd 2 Pick 3,United States
5,Frank Jackson,SG,75,205,23,Detroit Pistons,3,Duke,2017 Rnd 2 Pick 1,United States
20,Josh Jackson,SF,80,207,24,Detroit Pistons,3,Kansas,2017 Rnd 1 Pick 4,United States
13,"Jaren Jackson, Jr. ",PF,73,242,21,Memphis Grizzlies,2,Michigan State,2018 Rnd 1 Pick 4,United States
44,Justin Jackson,F,80,210,26,Milwaukee Bucks,3,North Carolina,2017 Rnd 1 Pick 15,United States
1,Reggie Jackson,G,75,208,31,Los Angeles Clippers,9,Boston College,2011 Rnd 1 Pick 24,Italy United States
10,Justin James,SG,79,190,24,Sacramento Kings,1,Wyoming,2019 Rnd 2 Pick 10,United States
6,LeBron James,F,80,250,36,Los Angeles Lakers,17,St. Vincent St. Mary High School (Ohio),2003 Rnd 1 Pick 1,United States
19,DaQuan Jeffries,SF,77,225,24,Houston Rockets,1,Tulsa,"2019 NBA Draft, Undrafted ",United States
10,Ty Jerome,PG,77,200,23,Oklahoma City Thunder,1,Virginia,2019 Rnd 1 Pick 24,United States
7,Isaiah Joe,SG,77,167,21,Philadelphia Sixers,0,Arkansas,2020 Rnd 2 Pick 19,United States
24,Alize Johnson,SF,81,212,25,Brooklyn Nets,2,Missouri State,2018 Rnd 2 Pick 20,United States
23,Cameron Johnson,G,81,210,25,Phoenix Suns,1,North Carolina,2019 Rnd 1 Pick 11,United States
16,James Johnson,F,79,240,34,New Orleans Pelicans,11,Wake Forest,2009 Rnd 1 Pick 16,United States
3,Keldon Johnson,SF,78,210,21,San Antonio Spurs,1,Kentucky,2019 Rnd 1 Pick 29,United States
5,Stanley Johnson,G,79,245,24,Toronto Raptors,5,Arizona,2015 Rnd 1 Pick 8,United States
10,Tyler Johnson,G,76,190,28,Brooklyn Nets,6,Fresno State,"2014 NBA Draft, Undrafted ",United States
15,Nikola Jokic,C,84,284,26,Denver Nuggets,5,KK Mega Bemax (Serbia),2014 Rnd 2 Pick 11,Serbia
15,Damian Jones,PF,84,245,25,Sacramento Kings,4,Vanderbilt,2016 Rnd 1 Pick 30,United States
55,Derrick Jones,SF,79,200,24,Portland Trail Blazers,4,UNLV,"2016 NBA Draft, Undrafted ",United States
5,Mason Jones,G,77,200,22,Philadelphia Sixers,0,Arkansas,"2020 NBA Draft, Undrafted ",United States
33,Tre Jones,PG,75,185,21,San Antonio Spurs,0,Duke,2020 Rnd 2 Pick 11,United States
21,Tyus Jones,PG,73,196,24,Memphis Grizzlies,5,Duke,2015 Rnd 1 Pick 24,United States
6,DeAndre Jordan,C,73,265,32,Brooklyn Nets,12,Texas A&M,2008 Rnd 2 Pick 5,United States
18,Cory Joseph,PG,75,200,29,Detroit Pistons,9,Texas,2011 Rnd 1 Pick 29,Canada
27,Mfiondu Kabengele,SF,73,250,23,Cleveland Cavaliers,1,Florida State,2019 Rnd 1 Pick 27,Canada
41,Frank Kaminsky,F,84,242,28,Phoenix Suns,5,Wisconsin,2015 Rnd 1 Pick 9,United States
11,Enes Kanter,F,73,250,28,Portland Trail Blazers,9,Kentucky,2011 Rnd 1 Pick 3,Switzerland Turkey
5,Luke Kennard,SG,77,206,24,Los Angeles Clippers,3,Duke,2017 Rnd 1 Pick 12,United States
14,Louis King,SF,81,205,22,Sacramento Kings,1,Oregon,"2019 NBA Draft, Undrafted ",United States
42,Maxi Kleber,PF,73,240,29,Dallas Mavericks,3,s.Oliver Baskets (Germany),"2014 NBA Draft, Undrafted ",Germany
1,Nathan Knight,PF,73,253,23,Atlanta Hawks,0,William & Mary,"2020 NBA Draft, Undrafted ",United States
20,Kevin Knox,SF,81,215,21,New York Knicks,2,Kentucky,2018 Rnd 1 Pick 9,United States
46,John Konchar,G,77,210,25,Memphis Grizzlies,1,Fort Wayne,"2019 NBA Draft, Undrafted ",United States
30,Furkan Korkmaz,SG,79,190,23,Philadelphia Sixers,3,Anadolu Efes (Turkey),2016 Rnd 1 Pick 26,Turkey
2,Luke Kornet,F,85,250,25,Boston Celtics,3,Vanderbilt,"2017 NBA Draft, Undrafted ",United States
0,Rodions Kurucs,SF,81,228,23,Milwaukee Bucks,2,Barca (Spain),2018 Rnd 2 Pick 10,Latvia
0,Kyle Kuzma,F,81,220,25,Los Angeles Lakers,3,Utah,2017 Rnd 1 Pick 27,United States
8,Zach LaVine,SG,77,200,26,Chicago Bulls,6,UCLA,2014 Rnd 1 Pick 13,United States
42,Anthony Lamb,PF,78,225,23,Houston Rockets,0,Vermont,"2020 NBA Draft, Undrafted ",United States
26,Jeremy Lamb,SG,77,185,28,Indiana Pacers,8,Connecticut,2012 Rnd 1 Pick 12,United States
45,Romeo Langford,SG,76,216,21,Boston Celtics,1,Indiana,2019 Rnd 1 Pick 14,United States
10,Jake Layman,SF,80,209,27,Minnesota Timberwolves,4,Maryland,2016 Rnd 2 Pick 17,United States
22,Caris LeVert,G,78,205,26,Indiana Pacers,4,Michigan,2016 Rnd 1 Pick 20,United States
18,T.J. Leaf,PF,73,225,24,Portland Trail Blazers,3,UCLA,2017 Rnd 1 Pick 18,United States Israel
1,Damion Lee,G,77,210,28,Golden State Warriors,3,Louisville,"2016 NBA Draft, Undrafted ",United States
38,Saben Lee,PG,74,183,22,Detroit Pistons,0,Vanderbilt,2020 Rnd 2 Pick 8,United States
27,Alex Len,C,84,250,27,Washington Wizards,7,Maryland,2013 Rnd 1 Pick 5,Ukraine
2,Kawhi Leonard,F,79,230,29,Los Angeles Clippers,9,San Diego State,2011 Rnd 1 Pick 15,United States
13,"Kira Lewis, Jr. ",PG,75,165,20,New Orleans Pelicans,0,Alabama,2020 Rnd 1 Pick 13,United States
0,Damian Lillard,G,75,195,30,Portland Trail Blazers,8,Weber State,2012 Rnd 1 Pick 6,United States
9,Nassir Little,SF,78,220,21,Portland Trail Blazers,1,North Carolina,2019 Rnd 1 Pick 25,United States
5,Kevon Looney,PF,81,220,25,Golden State Warriors,5,UCLA,2015 Rnd 1 Pick 30,United States
11,Brook Lopez,C,84,270,33,Milwaukee Bucks,12,Stanford,2008 Rnd 1 Pick 10,United States
15,Robin Lopez,FC,84,281,33,Washington Wizards,12,Stanford,2008 Rnd 1 Pick 15,United States
0,Didi Louzada,SF,77,187,21,New Orleans Pelicans,0,Franca (Brazil),2019 Rnd 2 Pick 5,Brazil
0,Kevin Love,FC,80,247,32,Cleveland Cavaliers,12,UCLA,2008 Rnd 1 Pick 5,United States
7,Kyle Lowry,PG,73,196,35,Toronto Raptors,14,Villanova,2006 Rnd 1 Pick 24,United States
9,Timothe Luwawu-Cabarrot,F,79,210,25,Brooklyn Nets,4,KK Mega Bemax (Serbia),2016 Rnd 1 Pick 24,France
41,Trey Lyles,SF,73,235,25,San Antonio Spurs,5,Kentucky,2015 Rnd 1 Pick 12,Canada United States
11,Theo Maledon,PG,77,198,19,Oklahoma City Thunder,0,ASVEL Basket (France),2020 Rnd 2 Pick 4,France
14,Terance Mann,SG,79,215,24,Los Angeles Clippers,1,Florida State,2019 Rnd 2 Pick 18,United States
2,Nico Mannion,PG,75,190,20,Golden State Warriors,0,Arizona,2020 Rnd 2 Pick 18,Italy United States
51,Boban Marjanovic,C,88,290,32,Dallas Mavericks,5,KK Vrsac Swisslion (Serbia),"2010 NBA Draft, Undrafted ",Serbia
24,Lauri Markkanen,SF,84,240,23,Chicago Bulls,3,Arizona,2017 Rnd 1 Pick 7,Finland
8,Naji Marshall,SF,79,220,23,New Orleans Pelicans,0,Xavier,"2020 NBA Draft, Undrafted ",United States
10,Caleb Martin,F,79,205,25,Charlotte Hornets,1,Nevada,"2019 NBA Draft, Undrafted ",United States
11,Cody Martin,F,79,205,25,Charlotte Hornets,1,Nevada,2019 Rnd 2 Pick 6,United States
3,Jeremiah Martin,PG,74,185,24,Cleveland Cavaliers,1,Memphis,"2019 NBA Draft, Undrafted ",United States
6,K.J. Martin,F,79,215,20,Houston Rockets,0,IMG Academy (Florida),2020 Rnd 2 Pick 22,United States
30,Kelan Martin,SF,79,220,25,Indiana Pacers,1,Butler,"2018 NBA Draft, Undrafted ",United States
24,Garrison Mathews,SG,79,204,24,Washington Wizards,1,Lipscomb,"2019 NBA Draft, Undrafted ",United States
9,Wesley Matthews,G,77,220,34,Los Angeles Lakers,11,Marquette,"2009 NBA Draft, Undrafted ",United States
0,Tyrese Maxey,PG,75,198,20,Philadelphia Sixers,0,Kentucky,2020 Rnd 1 Pick 21,United States
4,Skylar Mays,PG,76,205,23,Atlanta Hawks,0,LSU,2020 Rnd 2 Pick 20,United States
3,C.J. McCollum,G,75,190,29,Portland Trail Blazers,7,Lehigh,2013 Rnd 1 Pick 10,United States
9,T.J. McConnell,G,74,190,29,Indiana Pacers,5,Arizona,"2015 NBA Draft, Undrafted ",United States
3,Jaden McDaniels,F,73,185,20,Minnesota Timberwolves,0,Washington,2020 Rnd 1 Pick 28,United States
6,Jalen McDaniels,PF,73,205,23,Charlotte Hornets,1,San Diego State,2019 Rnd 2 Pick 22,United States
20,Doug McDermott,F,80,225,29,Indiana Pacers,6,Creighton,2014 Rnd 1 Pick 11,United States
30,Sean McDermott,SG,78,195,25,Memphis Grizzlies,0,Butler,"2020 NBA Draft, Undrafted ",United States
6,JaVale McGee,C,84,270,33,Denver Nuggets,12,Nevada,2008 Rnd 1 Pick 18,United States
17,Rodney McGruder,SG,76,205,29,Detroit Pistons,4,Kansas State,"2013 NBA Draft, Undrafted ",United States
28,Alfonzo McKinnie,F,80,215,28,Los Angeles Lakers,3,Green Bay,"2015 NBA Draft, Undrafted ",United States
6,Jordan McLaughlin,G,73,185,25,Minnesota Timberwolves,1,USC,"2018 NBA Draft, Undrafted ",United States
7,Ben McLemore,SG,77,195,28,Los Angeles Lakers,7,Kansas,2013 Rnd 1 Pick 7,United States
20,Nicolo Melli,PF,81,235,30,Dallas Mavericks,1,AX Armani Exchange Milan (Italy),"2013 NBA Draft, Undrafted ",Italy
0,De'Anthony Melton,SG,75,200,22,Memphis Grizzlies,2,USC,2018 Rnd 2 Pick 16,United States
15,Sam Merrill,G,77,205,24,Milwaukee Bucks,0,Utah State,2020 Rnd 2 Pick 30,United States
25,Chimezie Metu,PF,73,225,24,Sacramento Kings,2,USC,2018 Rnd 2 Pick 19,United States Nigeria
22,Khris Middleton,SF,80,222,29,Milwaukee Bucks,8,Texas A&M,2012 Rnd 2 Pick 9,United States
8,Patty Mills,G,72,180,32,San Antonio Spurs,11,Saint Mary's,2009 Rnd 2 Pick 25,Australia
4,Paul Millsap,FC,79,257,36,Denver Nuggets,14,Louisiana Tech,2006 Rnd 2 Pick 17,United States
18,Shake Milton,SG,78,207,24,Philadelphia Sixers,2,Southern Methodist,2018 Rnd 2 Pick 24,United States
45,Donovan Mitchell,SG,75,215,24,Utah Jazz,3,Louisville,2017 Rnd 1 Pick 13,United States
20,Adam Mokoka,SG,77,215,23,Chicago Bulls,1,KK Mega Bemax (Serbia),"2019 NBA Draft, Undrafted ",France
1,Malik Monk,SG,75,200,23,Charlotte Hornets,3,Kentucky,2017 Rnd 1 Pick 11,United States
55,E'Twaun Moore,SG,76,191,32,Phoenix Suns,9,Purdue,2011 Rnd 2 Pick 25,United States
12,Ja Morant,G,75,175,21,Memphis Grizzlies,1,Murray State,2019 Rnd 1 Pick 2,United States
16,Juwan Morgan,PF,80,232,24,Utah Jazz,1,Indiana,"2019 NBA Draft, Undrafted ",United States
31,Marcus Morris,F,81,235,31,Los Angeles Clippers,9,Kansas,2011 Rnd 1 Pick 14,United States
88,Markieff Morris,PF,73,245,31,Los Angeles Lakers,9,Kansas,2011 Rnd 1 Pick 13,United States
11,Monte Morris,G,74,183,25,Denver Nuggets,3,Iowa State,2017 Rnd 2 Pick 21,United States Nigeria
15,Mychal Mulder,GF,75,184,26,Golden State Warriors,1,Kentucky,"2017 NBA Draft, Undrafted ",Canada
5,Dejounte Murray,SG,77,180,24,San Antonio Spurs,4,Washington,2016 Rnd 1 Pick 29,United States
27,Jamal Murray,SG,76,215,24,Denver Nuggets,4,Kentucky,2016 Rnd 1 Pick 7,Canada
33,Mike Muscala,FC,73,240,29,Oklahoma City Thunder,7,Bucknell,2013 Rnd 2 Pick 14,United States
14,Svi Mykhailiuk,SF,80,205,23,Oklahoma City Thunder,2,Kansas,2018 Rnd 2 Pick 17,Ukraine
11,Abdel Nader,SF,78,225,27,Phoenix Suns,3,Iowa State,2016 Rnd 2 Pick 28,United States Egypt
22,"Larry Nance, Jr. ",SF,79,245,28,Cleveland Cavaliers,5,Wyoming,2015 Rnd 1 Pick 27,United States
26,Aaron Nesmith,F,78,215,21,Boston Celtics,0,Vanderbilt,2020 Rnd 1 Pick 14,United States
19,Raulzinho Neto,PG,73,180,28,Washington Wizards,5,Acunsa GBC (Spain),2013 Rnd 2 Pick 17,Brazil
31,Georges Niang,F,80,230,27,Utah Jazz,4,Iowa State,2016 Rnd 2 Pick 20,United States
22,Zeke Nnaji,PF,73,240,20,Denver Nuggets,0,Arizona,2020 Rnd 1 Pick 22,United States
3,Nerlens Noel,FC,73,220,27,New York Knicks,7,Kentucky,2013 Rnd 1 Pick 6,United States
4,Jaylen Nowell,SG,76,196,21,Minnesota Timberwolves,1,Washington,2019 Rnd 2 Pick 13,United States
11,Frank Ntilikina,PG,78,200,22,New York Knicks,3,Strasbourg IG (France),2017 Rnd 1 Pick 8,Belgium France
25,Kendrick Nunn,SG,75,195,25,Miami Heat,2,Oakland,"2018 NBA Draft, Undrafted ",United States
21,James Nunnally,F,79,220,30,New Orleans Pelicans,2,UC Santa Barbara,"2012 NBA Draft, Undrafted ",United States
27,Jusuf Nurkic,FC,84,290,26,Portland Trail Blazers,6,Cedevita (Croatia),2014 Rnd 1 Pick 16,Bosnia and Herzegovina
2,David Nwaba,G,76,219,28,Houston Rockets,4,Cal Poly,"2016 NBA Draft, Undrafted ",United States
13,Jordan Nwora,F,79,225,22,Milwaukee Bucks,0,Louisville,2020 Rnd 2 Pick 15,United States Nigeria
23,Royce O'Neale,SF,78,226,27,Utah Jazz,3,Baylor,"2015 NBA Draft, Undrafted ",United States
37,Semi Ojeleye,SF,78,240,26,Boston Celtics,3,Southern Methodist,2017 Rnd 2 Pick 7,United States
13,Jahlil Okafor,C,73,275,25,Detroit Pistons,5,Duke,2015 Rnd 1 Pick 3,United States
3,Chuma Okeke,PF,80,230,22,Orlando Magic,0,Auburn,2019 Rnd 1 Pick 16,United States
20,Josh Okogie,SG,76,212,22,Minnesota Timberwolves,2,Georgia Tech,2018 Rnd 1 Pick 20,Nigeria United States
17,Onyeka Okongwu,PF,81,245,20,Atlanta Hawks,0,USC,2020 Rnd 1 Pick 6,United States
35,Isaac Okoro,SG,77,225,20,Cleveland Cavaliers,0,Auburn,2020 Rnd 1 Pick 5,United States
4,KZ Okpala,SG,81,210,22,Miami Heat,1,Stanford,2019 Rnd 2 Pick 2,United States
4,Victor Oladipo,G,76,210,29,Miami Heat,7,Indiana,2013 Rnd 1 Pick 2,United States
9,Kelly Olynyk,C,84,240,30,Houston Rockets,7,Gonzaga,2013 Rnd 1 Pick 13,Canada
81,Miye Oni,SF,77,206,23,Utah Jazz,1,Yale,2019 Rnd 2 Pick 28,United States
16,Cedi Osman,GF,79,230,26,Cleveland Cavaliers,3,Anadolu Efes (Turkey),2015 Rnd 2 Pick 1,North Macedonia Turkey
10,Daniel Oturu,FC,73,240,21,Los Angeles Clippers,0,Minnesota,2020 Rnd 2 Pick 3,United States
12,"Kelly Oubre, Jr. ",SF,79,205,25,Golden State Warriors,5,Kansas,2015 Rnd 1 Pick 15,United States
20,Jabari Parker,F,80,245,26,Boston Celtics,6,Duke,2014 Rnd 1 Pick 2,United States
7,Eric Paschall,F,78,255,24,Golden State Warriors,1,Villanova,2019 Rnd 2 Pick 11,United States
54,Patrick Patterson,F,81,230,32,Los Angeles Clippers,10,Kentucky,2010 Rnd 1 Pick 14,United States
3,Chris Paul,PG,72,175,35,Phoenix Suns,15,Wake Forest,2005 Rnd 1 Pick 4,United States
15,Cameron Payne,G,75,190,26,Phoenix Suns,5,Murray State,2015 Rnd 1 Pick 14,United States
6,Elfrid Payton,G,76,185,27,New York Knicks,6,Louisiana,2014 Rnd 1 Pick 10,United States
14,Norvel Pelle,FC,73,216,28,New York Knicks,1,Delaware 87ers,"2014 NBA Draft, Undrafted ",Lebanon Antigua and Barbuda
14,Reggie Perry,F,73,250,21,Brooklyn Nets,0,Mississippi State,2020 Rnd 2 Pick 27,United States
21,Theo Pinson,SG,78,218,25,New York Knicks,2,North Carolina,"2018 NBA Draft, Undrafted ",United States
24,Mason Plumlee,PF,73,245,31,Detroit Pistons,7,Duke,2013 Rnd 1 Pick 22,United States
25,Jakob Poeltl,C,84,240,25,San Antonio Spurs,4,Utah,2016 Rnd 1 Pick 9,Austria
17,Aleksej Pokusevski,C,84,201,19,Oklahoma City Thunder,0,Olympiacos U18 (Greece),2020 Rnd 1 Pick 17,Serbia
3,Jordan Poole,SG,76,195,21,Golden State Warriors,1,Michigan,2019 Rnd 1 Pick 28,United States
11,Jontay Porter,PF,73,236,21,Memphis Grizzlies,1,Missouri,"2019 NBA Draft, Undrafted ",United States
3,"Kevin Porter, Jr. ",SF,76,203,21,Houston Rockets,1,USC,2019 Rnd 1 Pick 30,United States
1,"Michael Porter, Jr. ",PF,73,218,22,Denver Nuggets,2,Missouri,2018 Rnd 1 Pick 14,United States
22,Otto Porter,SF,80,198,27,Orlando Magic,7,Georgetown,2013 Rnd 1 Pick 3,United States
1,Bobby Portis,PF,73,250,26,Milwaukee Bucks,5,Arkansas,2015 Rnd 1 Pick 22,United States
6,Kristaps Porzingis,FC,87,240,25,Dallas Mavericks,5,Coosur Real Betis (Spain),2015 Rnd 1 Pick 4,Latvia
7,Dwight Powell,PF,73,240,29,Dallas Mavericks,6,Stanford,2014 Rnd 2 Pick 15,Canada
24,Norman Powell,SG,76,215,27,Portland Trail Blazers,5,UCLA,2015 Rnd 2 Pick 16,United States
12,Taurean Prince,F,79,218,27,Cleveland Cavaliers,4,Baylor,2016 Rnd 1 Pick 12,United States
11,Payton Pritchard,PG,74,195,23,Boston Celtics,0,Oregon,2020 Rnd 1 Pick 26,United States
5,Immanuel Quickley,PG,75,188,21,New York Knicks,0,Kentucky,2020 Rnd 1 Pick 25,United States
3,Jahmi'us Ramsey,PG,76,195,19,Sacramento Kings,0,Texas Tech,2020 Rnd 2 Pick 13,United States
9,Chasson Randle,PG,75,185,28,Orlando Magic,3,Stanford,"2015 NBA Draft, Undrafted ",United States
30,Julius Randle,PF,81,250,26,New York Knicks,6,Kentucky,2014 Rnd 1 Pick 7,United States
22,Cam Reddish,G,80,218,21,Atlanta Hawks,1,Duke,2019 Rnd 1 Pick 10,United States
4,J.J. Redick,G,76,200,36,Dallas Mavericks,14,Duke,2006 Rnd 1 Pick 11,United States
44,"Paul Reed, Jr. ",F,81,220,21,Philadelphia Sixers,0,DePaul,2020 Rnd 2 Pick 28,United States
11,Naz Reid,C,81,264,21,Minnesota Timberwolves,1,LSU,"2019 NBA Draft, Undrafted ",United States
14,Nick Richards,C,73,247,23,Charlotte Hornets,0,Kentucky,2020 Rnd 2 Pick 12,Jamaica
0,Josh Richardson,G,77,200,27,Dallas Mavericks,5,Tennessee,2015 Rnd 2 Pick 10,United States
7,Grant Riller,SG,75,190,24,Charlotte Hornets,0,Charleston,2020 Rnd 2 Pick 26,United States
8,Austin Rivers,SG,76,200,28,Denver Nuggets,8,Duke,2012 Rnd 1 Pick 10,United States
55,Duncan Robinson,F,80,210,27,Miami Heat,2,Michigan,"2018 NBA Draft, Undrafted ",United States
23,Mitchell Robinson,C,85,240,23,New York Knicks,2,,2018 Rnd 2 Pick 6,United States
9,Isaiah Roby,SF,80,230,23,Oklahoma City Thunder,1,Nebraska,2019 Rnd 2 Pick 15,United States
4,Rajon Rondo,PG,73,180,35,Los Angeles Clippers,14,Kentucky,2006 Rnd 1 Pick 21,United States
4,Derrick Rose,PG,75,200,32,New York Knicks,12,Memphis,2008 Rnd 1 Pick 1,United States
31,Terrence Ross,SF,79,206,30,Orlando Magic,8,Washington,2012 Rnd 1 Pick 8,United States
3,Terry Rozier,G,73,190,27,Charlotte Hornets,5,Louisville,2015 Rnd 1 Pick 16,United States
9,Ricky Rubio,G,75,190,30,Minnesota Timberwolves,9,Club Joventut Badalona (Spain),2009 Rnd 1 Pick 5,Spain
0,D'Angelo Russell,SG,76,193,25,Minnesota Timberwolves,5,Ohio State,2015 Rnd 1 Pick 2,United States
11,Domantas Sabonis,PF,73,240,25,Indiana Pacers,4,Gonzaga,2016 Rnd 1 Pick 11,United States Lithuania
19,Luka Samanic,PF,73,235,21,San Antonio Spurs,1,Union Olimpija (Slovenia),2019 Rnd 1 Pick 19,Croatia
14,JaKarr Sampson,F,81,215,28,Indiana Pacers,5,St. John's,"2014 NBA Draft, Undrafted ",United States
20,Dario Saric,SF,73,250,27,Phoenix Suns,4,KK Cibona (Croatia),2014 Rnd 1 Pick 12,Croatia
31,Tomas Satoransky,PG,79,210,29,Chicago Bulls,4,Coosur Real Betis (Spain),2012 Rnd 2 Pick 2,Czech Republic
17,Dennis Schroder,PG,73,172,27,Los Angeles Lakers,7,Basketball Lowen Braunschweig (Germany),2013 Rnd 1 Pick 17,Germany
1,Mike Scott,PF,80,237,32,Philadelphia Sixers,8,Virginia,2012 Rnd 2 Pick 13,United States
4,Jayden Scrubb,SG,78,215,21,Los Angeles Clippers,0,John A. Logan,2020 Rnd 2 Pick 25,United States
2,Collin Sexton,PG,73,192,22,Cleveland Cavaliers,2,Alabama,2018 Rnd 1 Pick 8,United States
13,Landry Shamet,PG,76,190,24,Brooklyn Nets,2,Wichita State,2018 Rnd 1 Pick 26,United States
43,Pascal Siakam,F,81,230,27,Toronto Raptors,4,New Mexico State,2016 Rnd 1 Pick 27,Cameroon
25,Ben Simmons,PF,73,230,24,Philadelphia Sixers,4,LSU,2016 Rnd 1 Pick 1,Australia
1,Anfernee Simons,SG,76,185,21,Portland Trail Blazers,2,,2018 Rnd 1 Pick 24,United States
91,Deividas Sirvydis,GF,80,190,20,Detroit Pistons,0,Lietuvos Rytas U18 (Lithuania),2019 Rnd 2 Pick 7,Lithuania
6,Alen Smailagic,PF,73,215,20,Golden State Warriors,1,Santa Cruz Warriors,2019 Rnd 2 Pick 9,Serbia
36,Marcus Smart,PG,75,220,27,Boston Celtics,6,Oklahoma State,2014 Rnd 1 Pick 6,United States
4,Dennis Smith,PG,75,196,23,Detroit Pistons,3,NC State,2017 Rnd 1 Pick 9,United States
14,Ish Smith,PG,72,175,32,Washington Wizards,10,Wake Forest,"2010 NBA Draft, Undrafted ",United States
10,Jalen Smith,C,73,215,21,Phoenix Suns,0,Maryland,2020 Rnd 1 Pick 10,United States
19,Tony Snell,G,78,213,29,Atlanta Hawks,7,New Mexico,2013 Rnd 1 Pick 20,United States
2,Cassius Stanley,G,78,193,21,Indiana Pacers,0,Duke,2020 Rnd 2 Pick 24,United States
8,Lamar Stevens,SF,80,225,23,Cleveland Cavaliers,0,Penn State,"2020 NBA Draft, Undrafted ",United States
28,Isaiah Stewart II,C,81,250,19,Detroit Pistons,0,Washington,2020 Rnd 1 Pick 16,United States
31,Max Strus,G,78,215,25,Miami Heat,1,DePaul,"2019 NBA Draft, Undrafted ",United States
5,Edmond Sumner,G,78,176,25,Indiana Pacers,3,Xavier,2017 Rnd 2 Pick 22,United States
8,Jae'sean Tate,F,76,230,25,Houston Rockets,0,Ohio State,"2018 NBA Draft, Undrafted ",United States
0,Jayson Tatum,SF,80,210,23,Boston Celtics,3,Duke,2017 Rnd 1 Pick 3,United States
5,Jeff Teague,PG,75,195,32,Milwaukee Bucks,11,Wake Forest,2009 Rnd 1 Pick 19,United States
17,Garrett Temple,G,77,195,34,Chicago Bulls,10,LSU,"2009 NBA Draft, Undrafted ",United States
1,Tyrell Terry,PG,74,175,20,Dallas Mavericks,0,Stanford,2020 Rnd 2 Pick 1,United States
27,Daniel Theis,C,80,245,29,Chicago Bulls,3,Ratiopharm Ulm (Germany),"2013 NBA Draft, Undrafted ",Germany
33,Brodric Thomas,G,77,185,24,Cleveland Cavaliers,0,Truman State,"2020 NBA Draft, Undrafted ",United States
21,Matt Thomas,G,76,190,26,Utah Jazz,1,Iowa State,"2017 NBA Draft, Undrafted ",United States
11,Klay Thompson,G,78,215,31,Golden State Warriors,9,Washington State,2011 Rnd 1 Pick 11,United States
13,Tristan Thompson,F,81,254,30,Boston Celtics,9,Texas,2011 Rnd 1 Pick 4,Canada
12,Sindarius Thornwell,SG,76,215,26,Orlando Magic,2,South Carolina,2017 Rnd 2 Pick 18,United States
22,Matisse Thybulle,SF,77,200,24,Philadelphia Sixers,1,Washington,2019 Rnd 1 Pick 20,United States
35,Killian Tillie,C,73,220,23,Memphis Grizzlies,0,Gonzaga,"2020 NBA Draft, Undrafted ",France
2,"Xavier Tillman, Sr. ",PF,80,245,22,Memphis Grizzlies,0,Michigan State,2020 Rnd 2 Pick 5,United States
43,Anthony Tolliver,PF,80,245,35,Philadelphia Sixers,13,Creighton,"2007 NBA Draft, Undrafted ",United States
1,Obi Toppin,F,81,193,23,New York Knicks,0,Dayton,2020 Rnd 1 Pick 8,United States
95,Juan Toscano-Anderson,F,78,209,28,Golden State Warriors,1,Marquette,"2015 NBA Draft, Undrafted ",United States Mexico
66,Axel Toupane,SG,79,197,28,Milwaukee Bucks,2,Strasbourg IG (France),"2014 NBA Draft, Undrafted ",France
32,Karl-Anthony Towns,C,84,248,25,Minnesota Timberwolves,5,Kentucky,2015 Rnd 1 Pick 1,United States Dominican Republic
33,"Gary Trent, Jr. ",SG,78,205,22,Toronto Raptors,2,Duke,2018 Rnd 2 Pick 7,United States
17,P.J. Tucker,SF,78,245,36,Milwaukee Bucks,9,Texas,2006 Rnd 2 Pick 5,United States
9,Rayjon Tucker,SF,77,210,23,Philadelphia Sixers,1,Little Rock,"2019 NBA Draft, Undrafted ",United States
33,Myles Turner,FC,73,250,25,Indiana Pacers,5,Texas,2015 Rnd 1 Pick 11,United States
17,Jonas Valanciunas,C,84,265,28,Memphis Grizzlies,8,Lietuvos Rytas (Lithuania),2011 Rnd 1 Pick 5,Lithuania
45,Denzel Valentine,F,78,220,27,Chicago Bulls,4,Michigan State,2016 Rnd 1 Pick 14,United States
23,Fred VanVleet,G,72,195,27,Toronto Raptors,4,Wichita State,"2016 NBA Draft, Undrafted ",United States
3,Jarred Vanderbilt,PF,81,214,22,Minnesota Timberwolves,2,Kentucky,2018 Rnd 2 Pick 11,United States
24,Devin Vassell,SG,79,195,20,San Antonio Spurs,0,Florida State,2020 Rnd 1 Pick 11,United States
2,Gabe Vincent,G,75,200,24,Miami Heat,1,UC Santa Barbara,"2018 NBA Draft, Undrafted ",United States Nigeria
9,Nikola Vucevic,PF,84,260,30,Chicago Bulls,9,USC,2011 Rnd 1 Pick 16,Switzerland Montenegro
32,Dean Wade,PF,73,228,24,Cleveland Cavaliers,1,Kansas State,"2019 NBA Draft, Undrafted ",United States
21,Moe Wagner,PF,73,245,24,Orlando Magic,2,Michigan,2018 Rnd 1 Pick 25,Germany
8,Kemba Walker,G,72,184,30,Boston Celtics,9,Connecticut,2011 Rnd 1 Pick 9,United States
1,Lonnie Walker,SG,77,205,22,San Antonio Spurs,2,Miami (FL),2018 Rnd 1 Pick 18,United States
1,John Wall,PG,76,210,30,Houston Rockets,10,Kentucky,2010 Rnd 1 Pick 1,United States
9,Brad Wanamaker,SG,75,210,31,Charlotte Hornets,2,Pittsburgh,"2011 NBA Draft, Undrafted ",United States
1,T.J. Warren,F,80,215,27,Indiana Pacers,6,NC State,2014 Rnd 1 Pick 14,United States
25,P.J. Washington,PF,79,236,22,Charlotte Hornets,1,Kentucky,2019 Rnd 1 Pick 12,United States
18,Yuta Watanabe,F,81,205,26,Toronto Raptors,2,George Washington,"2018 NBA Draft, Undrafted ",Japan
51,Tremont Waters,PG,61,175,23,Boston Celtics,1,LSU,2019 Rnd 2 Pick 21,United States
5,Paul Watson,GF,78,210,26,Toronto Raptors,1,Fresno State,"2017 NBA Draft, Undrafted ",United States
15,Quinndary Weatherspoon,SG,76,205,24,San Antonio Spurs,1,Mississippi State,2019 Rnd 2 Pick 19,United States
4,Russell Westbrook,G,75,200,32,Washington Wizards,12,UCLA,2008 Rnd 1 Pick 4,United States
0,Coby White,PG,77,195,21,Chicago Bulls,1,North Carolina,2019 Rnd 1 Pick 7,United States
4,Derrick White,G,76,195,26,San Antonio Spurs,3,Colorado,2017 Rnd 1 Pick 29,United States
20,Hassan Whiteside,C,85,265,31,Sacramento Kings,8,Marshall,2010 Rnd 2 Pick 3,United States
22,Andrew Wiggins,F,80,194,26,Golden State Warriors,6,Kansas,2014 Rnd 1 Pick 1,Canada
40,Grant Williams,SF,78,236,22,Boston Celtics,1,Tennessee,2019 Rnd 1 Pick 22,United States
34,Kenrich Williams,SF,79,210,26,Oklahoma City Thunder,2,Texas Christian,"2018 NBA Draft, Undrafted ",United States
23,Lou Williams,G,73,175,34,Atlanta Hawks,15,South Gwinnett High School (Georgia),2005 Rnd 2 Pick 15,United States
44,Patrick Williams,G,80,225,19,Chicago Bulls,0,Florida State,2020 Rnd 1 Pick 4,United States
44,Robert Williams,PF,80,237,23,Boston Celtics,2,Texas A&M,2018 Rnd 1 Pick 27,United States
1,Zion Williamson,PF,79,285,20,New Orleans Pelicans,1,Duke,2019 Rnd 1 Pick 1,United States
0,D.J. Wilson,F,73,231,25,Houston Rockets,3,Michigan,2017 Rnd 1 Pick 17,United States
9,Dylan Windler,SF,78,199,24,Cleveland Cavaliers,1,Belmont,2019 Rnd 1 Pick 26,United States
7,Justise Winslow,SF,78,225,25,Memphis Grizzlies,5,Duke,2015 Rnd 1 Pick 10,United States
5,Cassius Winston,PG,73,185,23,Washington Wizards,0,Michigan State,2020 Rnd 2 Pick 23,United States
33,James Wiseman,C,85,240,20,Golden State Warriors,0,Memphis,2020 Rnd 1 Pick 2,United States
35,Christian Wood,PF,73,214,25,Houston Rockets,4,UNLV,"2015 NBA Draft, Undrafted ",United States
13,Robert Woodard II,G,79,235,21,Sacramento Kings,0,Mississippi State,2020 Rnd 2 Pick 10,United States
55,Delon Wright,G,77,185,29,Sacramento Kings,5,Utah,2015 Rnd 1 Pick 20,United States
21,Thaddeus Young,F,80,235,32,Chicago Bulls,13,Georgia Tech,2007 Rnd 1 Pick 12,United States
11,Trae Young,PG,73,180,22,Atlanta Hawks,2,Oklahoma,2018 Rnd 1 Pick 5,United States
40,Cody Zeller,F,84,240,28,Charlotte Hornets,7,Indiana,2013 Rnd 1 Pick 4,United States
40,Ivica Zubac,C,85,240,24,Los Angeles Clippers,4,KK Mega Bemax (Serbia),2016 Rnd 2 Pick 2,Bosnia and Herzegovina Croatia
